,id,conversation_id,created_at,date,tweet,hashtags
0,1257006813846949888,1257006813846949888,1588528753000,2020-05-03 23:29:13,"Best solution for covid-19 is
Strict Curfew for 15 days or release lockdown for everyon. If we announce curfew for 15 days then we can break the chain @PMOIndia @narendramodi @BJP4India @vijayrupanibjp",[]
1,1256960918874980352,1256960918874980352,1588517810000,2020-05-03 20:26:50,"Lockdown or shutdown no matter what the situation is, these police officers who are no less than super heroes working hard day and night...üôè 

Today we distributed #mask to these covid heroes.

Let's give a minute of cheers to the COVID19 heroes....üëèüëèüëè
#salutecoronawarriors pic.twitter.com/rFqV3GxGIu","['#mask', '#salutecoronawarriors']"
2,1256944300052688896,1256944300052688896,1588513848000,2020-05-03 19:20:48,"After a comprehensive review, Modi govt has approved Lockdown 3.0 for a period of two weeks w.e.f. 4th May with major relaxations in areas with less or no #COVID infection.

Effectively, almost all farming and industrial activities are to resume in non containment areas.  pic.twitter.com/UzSo4TudsT",['#covid']
3,1256927438547935232,1256927438547935232,1588509828000,2020-05-03 18:13:48,"We need at least Rs.25,000($332) to run our operation during Covid-19 lockdown.If any body wants to support us  we offer 50% cashback plus other  http://rewards.You¬† can send us money through 
DBS Bank UPI: digitalnewsresearch@dbs or contact us through our website  pic.twitter.com/KYXgnZvVw6",[]
4,1256916856713162752,1256916856713162752,1588507305000,2020-05-03 17:31:45,"Don't let the lockdown or Covid-19 slow down your future plans!

Are you looking for #WorkPermit, PR or #studyVISA Extension Amid Covid-19

Contact-
+91 92061 92161

#canadadream #canadadreams #canada #CanadaVisa #canadaImmigration #ludhiana #pb10wale #StudyInCanada #StudentVisa pic.twitter.com/CxDcxs2n5R","['#workpermit', '#studyvisa', '#canadadream', '#canadadreams', '#canada', '#canadavisa', '#canadaimmigration', '#ludhiana', '#pb10wale', '#studyincanada', '#studentvisa']"
5,1256901379773403142,1256901379773403142,1588503615000,2020-05-03 16:30:15,"My report on The Samaja, 3.5.2020
The COVID Lockdown which started on midnight of 24th March and extended to 3rd May and again to 17th May. People are traveling at night without permission BUT THOSE WHO WANT TO CROSS the district or state boarder legally are STILL stranded.  pic.twitter.com/XkgNp1zp7L",[]
6,1256712539292958733,1256712539292958733,1588458592000,2020-05-03 03:59:52,"In end of April it was Raining
It's 2 May 2020 & it's heavily #Raining 
It's #ClimateChange or #earth is #Rejuvenating itself.
#lockdown #Covid_19india #COVID #CoronaPandemic #haridwar #Uttarakhand #Himalayan region #moefcc","['#raining', '#climatechange', '#earth', '#rejuvenating', '#lockdown', '#covid_19india', '#covid', '#coronapandemic', '#haridwar', '#uttarakhand', '#himalayan', '#moefcc']"
7,1256699139766784004,1256699139766784004,1588455397000,2020-05-03 03:06:37,"Read | To end lockdown or not: Prevention paradox that raises worries of second Covid-19 wave
Also read | 73 Covid-19 deaths in 24 hours: India sees highest single-day spike in toll
Also read | Coronavirus: Restarting early can boost India‚Äôs role in global economy",[]
8,1256663153129250822,1256663153129250822,1588446818000,2020-05-03 00:43:38,@DrSubhashMoS i am shoeb shah  from the ward 19 dhule reqting u that in these lockdown #COVID__19 so many our broths and sisters they don't have enough many to survive or ration if possible from u ..we want some money or ration from  u for poor pple its ur benefactions if u can.,['#covid__19']
9,1256607857556029440,1256607857556029440,1588433634000,2020-05-02 21:03:54,@rashtrapatibhvn bengal sarkar COVID 19 ke cases ke number chupa rahi hai or waha lockdown ka paalan bhi nahi ho raha hai ji,[]
10,1256593118830321667,1256593118830321667,1588430120000,2020-05-02 20:05:20,"Some great discussion going on in #learningpowerpioneers around the value and learning that can come from #boredom.

Have you seen anything positive (or negative) grow out of boredom during #lockdown?

#COVID__19 #learningfromhome #learningathome pic.twitter.com/BSl6qd5FIF","['#learningpowerpioneers', '#boredom', '#lockdown', '#covid__19', '#learningfromhome', '#learningathome']"
11,1256569634268033024,1256569634268033024,1588424521000,2020-05-02 18:32:01,"We need at least Rs.25,000($332) to run our operation during Covid-19 lockdown.If any body wants to support us  we offer 50% cashback plus other  http://Gifts.You¬† can send us money through 
DBS Bank UPI: digitalnewsresearch@dbs or contact us through our website  pic.twitter.com/AnvCg1xk9x",[]
12,1256556555517988864,1256503027344773122,1588421403000,2020-05-02 17:40:03,"Exactly, so why blame RaGa for no suggestions. Oh sorry, Nehru can't be blamed this time

Does your NaMo have any blueprint for Covid control or just lockdown and wait and watch? At least he can save India, right?",[]
13,1256530052453294080,1256530035277619200,1588415084000,2020-05-02 15:54:44,"COVID-19 OUTBREAK AND LOCK DOWN.
PLEASE ISSUE CLEAR ADVISORY TO ALL BANKS & FINANCIAL INSTITUTIONS NOT TO LEVY ANY ADDITIONAL  INTEREST OR EXPENSES ON DEFEERED EMIs.",[]
14,1256518690746576896,1256518690746576896,1588412375000,2020-05-02 15:09:35,"@KTRTRS 
Sir,My friend is waiting for lockdown release but again it's postponed,their parents are suffering a lot.He is ready for covid checkup tests,he doesn't have any illness or symptoms.Kindly look in to this issue Sir.If you give permission,it's a big help to their family.  pic.twitter.com/bevBrlI7WQ",[]
15,1256515544754188289,1256515544754188289,1588411625000,2020-05-02 14:57:05,#EducationMinisterGoesLive #icse #COVID__19 What about students who r away from der original board centres due to emergency deaths or serious patients in their families. How can they report back with a notice of 6 days after May 17 lockdown. Why is ICSE so adamantly pushing.  https://twitter.com/ImtiyazIsani/status/1256513976680058881¬†‚Ä¶,"['#educationministergoeslive', '#icse', '#covid__19']"
16,1256507982528966656,1256502176869806080,1588409822000,2020-05-02 14:27:02,Khattar sahab kuch nhi karete m 1 month say tweet kar raha ho inke state Ki company zeelaboratries Karnal k against Jisne covid m.muje remove KIA or mera dues payment bhi nhi De Rahi lockdown m kaise jiye per cm sahab ko Koi pravaha Nhi hai such m haryana m Koi sun ta nhi hai,[]
17,1256504515701825536,1256266507861889024,1588408995000,2020-05-02 14:13:15,Haryana govt not taking any action against zeelaboratries ltd Karnal which remove me in covid and not give dues payment cm sahab ab bagar paise lockdown m kya or kaise jeye suicide karna padega but app Koi nhi le raho why kya app human beings k sath ho garib k sath nhi ho,[]
18,1256463858262294529,1256463858262294529,1588399302000,2020-05-02 11:31:42,"Mobile Num of Appointed Nodal Officers by BR Govt r eithe SWITCHED OFF or NOT REACHABLE
@SevadalBR @NitishKumar @SushilModi @HMOIndia @narendramodi @dralokksuman @myogiadityanath @anpandeybjp
#lockdown #Covid_19 #BihariStudentsCalling @MrityunjayDixi2 @Rakesh25003 @DeepakMissra pic.twitter.com/w8qKrhqoro","['#lockdown', '#covid_19', '#biharistudentscalling']"
19,1256458609166352389,1256458609166352389,1588398050000,2020-05-02 11:10:50,"After a comprehensive review, Modi govt has approved Lockdown 3.0 for a period of two weeks w.e.f. 4th May with major relaxations in areas with less or no #COVID infection.

Effectively, almost all farming and industrial activities are to resume in non containment areas.  pic.twitter.com/dCzXWd2lxv",['#covid']
20,1256455949071589377,1256455949071589377,1588397416000,2020-05-02 11:00:16,@narendramodi @AmitShah @nsitharaman @aajtak @ABPNews @ndtv can any explain diff on 23rd March when there was 10-15 cases per day and 4th may when 2000+ cases per day . Is spread of covid virus chances has reduced or it is in downtrend. If in uptrend why lockdown on 23rd March.,[]
21,1256453942466113536,1256453942466113536,1588396938000,2020-05-02 10:52:18,"@DrRPNishanksir, will the remaining CBSEBoardExams be held in the greenzone areas where the affect of COVID-19 is very less if relaxations are given after May 3,2020 or it will be only held nationwide after lockdown is completely lifted from every area?
#EducationMinisterGoesLive",['#educationministergoeslive']
22,1256404932866928640,1256404932866928640,1588385253000,2020-05-02 07:37:33,"After a comprehensive review, Modi govt has approved Lockdown 3.0 for a period of two weeks w.e.f. 4th May with major relaxations in areas with less or no #COVID infection.

Effectively, almost all farming and industrial activities are to resume in non containment areas.  pic.twitter.com/vFWsW0qLlF",['#covid']
23,1256306864490287106,1256306864490287106,1588361872000,2020-05-02 01:07:52,"Is this Lockdown for Covid-19 or some never ending series of Lockdowns directed by Ekta Kapoor?? Can we call it Kovid at least ü§∑üèª‚Äç‚ôÄÔ∏èü§∑üèª‚Äç‚ôÄÔ∏èü§∑üèª‚Äç‚ôÄÔ∏è
#Lockdown3 #LockdownExtended #CoronavirusIndia","['#lockdown3', '#lockdownextended', '#coronavirusindia']"
24,1256305217676533760,1256305217676533760,1588361479000,2020-05-02 01:01:19,"One thought. For those ""REAL Pakistanis"" now stranded 4ONLY a month or so ourside Pakistan due 2 Covid 19 lockdown,flights suspensions,jobs laidoff, HOW DO U FEEL NOW?! . now probably u can understand pain,distress that East Pakistanis felt 4last 50 yrs stranded in Bangladesh",[]
25,1256301868294172672,1256301868294172672,1588360681000,2020-05-02 00:48:01,@ICSE_Board @HRDMinistry #ICSE @DrRPNishank   If ICSE conducts remaining exams post May 17 lockdown within 6 days and if any child gets Covid19 due to lack of precautions in examination centres or while traveling to examination centres as Asymptomatic cases are huge % of Covid.  https://twitter.com/ImtiyazIsani/status/1256296690153218048¬†‚Ä¶,['#icse']
26,1256301341057495040,1256301341057495040,1588360555000,2020-05-02 00:45:55,@ICSE_Board @PMOIndia @CMOMaharashtra @BJP4India If ICSE conducts remaining exams post May 17 lockdown within 6 days and if any child gets Covid19 due to lack of precautions in examination centres or while traveling to examination centres as Asymptomatic cases are huge % of Covid  https://twitter.com/ImtiyazIsani/status/1256297290861404160¬†‚Ä¶,[]
27,1256289404080943112,1256289404080943112,1588357709000,2020-05-01 23:58:29,"After a comprehensive review, Modi govt has approved Lockdown 3.0 for a period of two weeks w.e.f. 4th May with major relaxations in areas with less or no #COVID infection.
Effectively, almost all farming and industrial activities are to resume in non containment areas. üôè  pic.twitter.com/VEBAN7Lk50",['#covid']
28,1256280926058950658,1256254490644082688,1588355688000,2020-05-01 23:24:48,Even though d active cases will be minimised. We still have to follow lockdown. As infecting period is just 20 min & recovery period is 14-15 days. Otherwise these covid hospitals have to be run for 4-5 years or till we found vaccine.,[]
29,1256279471080058880,1256279471080058880,1588355341000,2020-05-01 23:19:01,"We need at least Rs.25,000($332) to run our operation during Covid-19 lockdown.If any body wants to support us  we offer 50% cashback plus other  http://Gifts.You¬†  can send us money through 
DBS Bank UPI: digitalnewsresearch@dbs or contact us through our website  pic.twitter.com/2d1SK2qZc2",[]
30,1256271348285894656,1256271348285894656,1588353404000,2020-05-01 22:46:44,"After a comprehensive review, Modi govt has approved Lockdown 3.0 for a period of two weeks w.e.f. 4th May with major relaxations in areas with less or no #COVID infection. Effectively, almost all farming and industrial activities are to resume in non containment areas.  pic.twitter.com/6fDPhMhGp4",['#covid']
31,1256269846779531264,1256269846779531264,1588353046000,2020-05-01 22:40:46,"After a comprehensive review, Modi govt has approved Lockdown 3.0 for a period of two weeks w.e.f. 4th May with major relaxations in areas with less or no #COVID infection.

Effectively, almost all farming and industrial activities are to resume in non containment areas.",['#covid']
32,1256265023720239106,1256265023720239106,1588351896000,2020-05-01 22:21:36,"After a comprehensive review, Modi govt has approved Lockdown 3.0 for a period of two weeks w.e.f 4th May with major relaxations in areas with less or no #COVID infection  

Effectively, almost all farming and industrial activities are to resume in non containment  pic.twitter.com/IyUTq0cgzc",['#covid']
33,1256264027744985091,1256264027744985091,1588351659000,2020-05-01 22:17:39,"After a comprehensive review, Modi govt has approved Lockdown 3.0 for a period of two weeks w.e.f. 4th May with major relaxations in areas with less or no #COVID infection.

Effectively, almost all farming and industrial activities are to resume in non containment areas
via MyNt  pic.twitter.com/KB3SZxJNMW",['#covid']
34,1256261985060089857,1256261985060089857,1588351172000,2020-05-01 22:09:32,"After a comprehensive review, Modi govt has approved Lockdown 3.0 for a period of two weeks w.e.f. 4th May with major relaxations in areas with less or no #COVID infection.

Effectively, almost all farming and industrial activities are to resume in non containment areas.  pic.twitter.com/y8wkuR7Eht",['#covid']
35,1256261349476192256,1256261349476192256,1588351020000,2020-05-01 22:07:00,"#Karnataka govt says migrant workers, tourists, students and others stranded due #COVID-19 lockdown will have to submit online application to enter or exit the state","['#karnataka', '#covid']"
36,1256249153606135808,1256249153606135808,1588348112000,2020-05-01 21:18:32,"Do these debates , panels & discussions will bring any *ucking benefit to the #COVID__19 or the problems existing in #India . @republic @aajtak @ABPNews @indiatvnews You just bring on idiotic ppl on video calls & make them vomit. #Corona #lockdown #Debatefiasco","['#covid__19', '#india', '#corona', '#lockdown', '#debatefiasco']"
37,1256225217308917761,1256203096994152448,1588342405000,2020-05-01 19:43:25,Sir I working in zee laboratories ltd.Karnal company terminate me in covid and not paying my dues I sent many mails tweets to cm haryana but cm not taking Any action haryana m is company ne full dadgiri kar rakhi or cm Koi action nhi le rahe hai ab lockdown hum kaise survivekare,[]
38,1256224271413714953,1256167755444662274,1588342180000,2020-05-01 19:39:40,Cm sahab app zee laboratries ltd k khilaf abhi tak Koi action nhi le rahe ho covid m naukari kha Gaye or pending payment nhi De rahe sir apke state ye company full dadagiri kar Rahi or app kuch nhi kar rahe lockdown bad gaya khane k lia paise nhi hai apko Koi tension nhi hai,[]
39,1256219643561336832,1256219643561336832,1588341077000,2020-05-01 19:21:17,"Indian government should incentives red zones to move to green, if people follow lockdown better , they are given tax rebates or other social benefits #Covid_19india #Covid19India","['#covid_19india', '#covid19india']"
40,1256219344004173826,1256219344004173826,1588341005000,2020-05-01 19:20:05,"LOCKDOWN 3.0 DECLARED TODAY AND GOVERNMENT ANNOUNCED THAT LOCKDOWN INCREASE FOR 2WEEKS . SURE LOCKDOWN INCREASE FOR 2 WEEKS ?üòÇOR LOCKDOWN 4.0 WILL BE DECLARE ON 17TH MAY üòÇü§£.üòÇü§´üò∑
@LaluJangid5
@shivamthakkar61
@Kritesh04289293
#lockdownindia #lockdown3
#Covid_19 #India ‚Äì at Bareja","['#lockdownindia', '#lockdown3', '#covid_19', '#india']"
41,1256201814900441089,1256127377484034048,1588336826000,2020-05-01 18:10:26,"HELPING INDIAN PEOPLE PAY 1 RS OR MORE CODE, STATUS COVID 19, CORONA VIRUS INDIA LOCKDOWN  pic.twitter.com/JpExHEK4j4",[]
42,1256180713428267008,1256111364772204544,1588331795000,2020-05-01 16:46:35,This ASI Tanvir should be terminated from service immediately. It is strange that in lockdown he is worried about Azan and not bothered about nation or Covid 19 ? He had threatened to kill the brave saint and CM of UP? Why this ASI is still not put behind the bars?,[]
43,1256149423622705154,1256149423622705154,1588324335000,2020-05-01 14:42:15,"We need at least Rs.25,000($332) to run our operation during Covid-19 lockdown.If any body wants to support us  we offer 50% cashback plus other  http://Gifts.You¬†  can send us money through 
DBS Bank UPI: digitalnewsresearch@dbs or contact us through our website  pic.twitter.com/RwkO1Yw20j",[]
44,1256145827963088897,1256145827963088897,1588323478000,2020-05-01 14:27:58,"Dear May,

Hope you find us in good health, happiness and a world without COVID-19. ü§û‚úåÔ∏è
Lock down MAY END or MAY NOT END by MAY END as it MAY EXTEND, but MAY will END by MAY END as it MAY NOT wait for lock down to END. üòÇü§∑
#may #covid19 #MayDay","['#may', '#covid19', '#mayday']"
45,1256137168315170818,1256137168315170818,1588321413000,2020-05-01 13:53:33,Kya haal hai bhai o or bahano kya chal rha ha lockdown mein #lockdown #COVID #May1st #twitch #‡§Æ‡§ø‡§•‡§ø‡§≤‡§æ #whiteprivilege #ParksAndRec #ParksAndRec #MayDay2020 #AlwaysHappyWithBTS #blselcaday #coronavirusghana #JohnMahamaLIVE #IndiaFightsCorona #IndiaFightsCorona,"['#lockdown', '#covid', '#may1st', '#twitch', '#‡§Æ‡§ø‡§•‡§ø‡§≤‡§æ', '#whiteprivilege', '#parksandrec', '#parksandrec', '#mayday2020', '#alwayshappywithbts', '#blselcaday', '#coronavirusghana', '#johnmahamalive', '#indiafightscorona', '#indiafightscorona']"
46,1256134936609714177,1256128251153399809,1588320881000,2020-05-01 13:44:41,Another corporate #lawfirm Trilegal is not deferring or delaying its annual performance based payments and promotions.  They Will be paid out today in due course. #lawyers #COVID__19 #Lockdown #Breaking #legalnews,"['#lawfirm', '#lawyers', '#covid__19', '#lockdown', '#breaking', '#legalnews']"
47,1256116134404714498,1256116134404714498,1588316398000,2020-05-01 12:29:58,"Don‚Äôt know im Right or not, but Iam sensing big Mus*** appeasement politics Going on in India in wake of muslim festival month, Political parties are planning to prove their secularism,  we may see lifting of #Lockdown #COVID__19
ü§∑üèª‚Äç‚ôÇÔ∏è","['#lockdown', '#covid__19']"
48,1255955418494402574,1255955418494402574,1588278080000,2020-05-01 01:51:20,"Love me or hate me I am always going to shine...

#lockdown #indianphotograper #paradipclicks #COVID__19 #nickon pic.twitter.com/2LryL6AeHk ‚Äì at Paradip Port Sea Beach","['#lockdown', '#indianphotograper', '#paradipclicks', '#covid__19', '#nickon']"
49,1255926732114329602,1255926732114329602,1588271241000,2020-04-30 23:57:21,Dear @airtelindia  i am your old customer even in the lockdown i have paid your bill on timely . Even then i am not getting to use internet and calling . What are you given contribution in the covid 19 to the nation or to the customer 9545925005,[]
50,1255814824606543879,1255814824606543879,1588244560000,2020-04-30 16:32:40,"Ruoee rises on back of increasing inflow from FII's & lower Covid-19 cases in last week or so. It is now at very crucial Level of 75, as strong selling here will take it to 74-73.50. Or can again get weak towards 76 if lockdown opening is low & slow.
#Rupee #forex #MarketUpdate pic.twitter.com/Lyk99NFISp","['#rupee', '#forex', '#marketupdate']"
51,1255798580507488261,1255798580507488261,1588240687000,2020-04-30 15:28:07,"We need at least Rs.25,000($332) to run our operation during covid-19 lockdown.If any body wants to support us  we offer 50% cashback plus other  http://offers.You¬† can send us money through 
DBS Bank UPI: digitalnewsresearch@dbs or contact us through our website  pic.twitter.com/A7smr7kPkP",[]
52,1255757558297399296,1255757558297399296,1588230907000,2020-04-30 12:45:07,"@DrRPNishank sir, will the remaining CBSE board exams be held in the green zone areas/states where the affect of COVID-19 is significantly less if relaxations are given after May 3, 2020 or it will be only held nationwide after lockdown is completely lifted from every area?",[]
53,1255576044129488897,1255573431493332992,1588187631000,2020-04-30 00:43:51,@dmdeoria Dear Both Honourable Sir please share For All of us Ur Lockdown experience As a DM how tuff Or Challenging For You To Deal With this Covid-19 prblm. You & Your team is doing great job for all of us to feel Safe & Secured. üôèüôèthank you so much #realwarrior #Salute,"['#realwarrior', '#salute']"
54,1255545867450359808,1255442561008893952,1588180436000,2020-04-29 22:43:56,"Sir according my view  chandigarh me lock down or strickly hona chahiye if adminstration want chandigarh free from covid soon ..
Because you know India top hospital here pts managed well .
But if condition serious like increase  patients  above  capasity than very seroius.",[]
55,1255519617323282434,1255517838120554497,1588174177000,2020-04-29 20:59:37,Heena i am facing this issue since 2016 covid 19 was not their in 16 were you guys sleeping at that time or till covid lockdown happened so don't give excuses now . I will escalate it to authorities as i am fed up now . I gave you many chances but no resolution was given,[]
56,1255484386033704962,1255484386033704962,1588165778000,2020-04-29 18:39:38,"@TRAI @Idea @aajtak @CNN @ABPNews @ndtvindia @IndiaTodayFLASH .@PMOIndia If smeone is enjoing benefits of lockdown due to covid-19,only network companies, my plan is299 so how it exceed till 5009rs,no app or customer care is wrkng, everyone is facing sme problem, daylight loot is",[]
57,1255476248731619329,1255476248731619329,1588163837000,2020-04-29 18:07:17,"A person from goa is stuck in a hotel in Bangalore frm 40 days due to lockdown & Goa borders being sealed, how they can travel back home, after karnataka lockdown is lifted, can a person travel back, will they be quarantined in Goa or will a covid free cert. help
@Karnataka_DIPR",[]
58,1255454455476215811,1255454455476215811,1588158642000,2020-04-29 16:40:42,"How to manage daily basis or monthly expenses and payments, 
If our Pvt Co.terminate us, and not paying salary for the month of May and till up to lock down due to this covid-19. Is any solution have?
ü§îü§îü§îü§î #ExtendTheLockdown For 2 weeks in Punjab",['#extendthelockdown']
59,1255214984377913344,1253580493397745664,1588101547000,2020-04-29 00:49:07,Sir no one replay either haryana. Or Rajasthan Labour depot.sir zee laboratories ltd remove me in covid and also not give my dues I am in big problem in lockdown haryana LA bour deptt saying contact to Rajasthan labour deptt Rajasthan lab our dept not replay so pls forward both,[]
60,1255212148319350784,1255212148319350784,1588100871000,2020-04-29 00:37:51,"@SatyendarJain @ArvindKejriwal is distribution of medicines suspended in G.B. Pant Hospital? due to COVID-19, my small request to Delhi Govt. to distribute medicines in local dispencries during lockdown to OPD patients of G.B. Pant Hospital. or as possible solution by you..",[]
61,1255198601300467713,1255193310261415937,1588097641000,2020-04-28 23:44:01,100%lock down in Mumbai expect milk distribution or closed vegetables market for 14 day's vegetables market is big issue for COVID 19 positive cases and take over Mumbai To army he controlled hotspots of Mumbai very well outherwise not controlled COVID 19 positive cases in Mumbai,[]
62,1255194155740995584,1255194155740995584,1588096581000,2020-04-28 23:26:21,"Have we gone overboard with lockdown?Is it intimidation of contracting the COVID(God Forbid) or is it more of a hype. Can we really implement TTQ (Trace,Test & Quarantine)in Pakistan? What grounds does it hold in containing it?",[]
63,1255190639269957633,1254654975071842305,1588095743000,2020-04-28 23:12:23,"You mean to say WHO all Covid 19 affected countries are fools, who done lock down in their countries. Or your fool don't know the affect of Covid 19",[]
64,1255123433593212928,1255123433593212928,1588079720000,2020-04-28 18:45:20,"@PMOIndia @narendramodi utter confusion with respect to lifting of lockdown, will be so good if anyone from PMO or PM himself can share some inputs and thoughts of any exit plan #COVID2019india #Covid_19india #Covid19India","['#covid2019india', '#covid_19india', '#covid19india']"
65,1255117037883535362,1255117037883535362,1588078195000,2020-04-28 18:19:55,"*My landlord served me quit notice that it's either I pay my house rent or park out of his house even with this lockdown.* 

*I just sent his contact and details to NCDC that he has symptoms of COVID-19 and has refused to self-isolate. We shall see who will leave the house first.",[]
66,1255096179374817280,1255096179374817280,1588073222000,2020-04-28 16:57:02,@narendramodi @AmitShah @GujaratPolice @AhmedabadPolice @vijayrupanibjp There are only 2 possible ways to get rid of COVID-19 #Ahmedabad. Either withdrawal of lockdown or Shoot at site. I mean People are still on road unnecessarily.,['#ahmedabad']
67,1255093862277672960,1255093862277672960,1588072669000,2020-04-28 16:47:49,"Sir please tell we should follow the #lockdown or not. Some #NonEssential garments house are open so is they get permission?? If something happens who will be responsible?? @AmitShah
@PMOIndia @moayush  Rajasthan COVID Analytics Dashboard  https://thecovidanalytics.com/india/state_analytics.php?state=RJ¬†‚Ä¶","['#lockdown', '#nonessential']"
68,1255066268757082114,1255054131208699904,1588066091000,2020-04-28 14:58:11,"The Problem is Modiji is banking on his loyal Votebank  (Unemployed  Anyways With or Without Covid) So he doesn't care a if a few more are added to this category and they anways Vote on basis of Pak, balakot, H-M. So even if there is lockdown for 6M his popularity will not reduce",[]
69,1255054051613585584,1255054051613585584,1588063178000,2020-04-28 14:09:38,"@PMOIndia Respected Prime Minister Since Goa has no single covid 19 case you should try opening lockdown in Goa completely like before and check for 15 days any new cases comes out or not, but all Goa borders to be completely seazed in those 15days.
#Goatrail",['#goatrail']
70,1255051350917988352,1255051350917988352,1588062534000,2020-04-28 13:58:54,"Learn everything you need to know about digital marketing to get a job or to start-promote your business online. 

ONGOING 30% FEE DISCOUNT DURING COVID-19 LOCKDOWN

Register for your free demo session:  https://bit.ly/prodigitalmarketing¬†‚Ä¶
#learn #digitalmarketing #online pic.twitter.com/aLRSWd3OpL","['#learn', '#digitalmarketing', '#online']"
71,1254893132438790144,1254893132438790144,1588024812000,2020-04-28 03:30:12,"Please what is more important keep feeding free or let everyone earn their bread. Lockdown  keep it or remove it
Do you think CoVID  war is won.
People should be more organised disciplined .BATS were there before they will remain . Sooner it is better.",[]
72,1254796860776054784,1254796860776054784,1588001859000,2020-04-27 21:07:39,"Hello @GHMCOnline @hydcitypolice @KTRTRS sir there is curd and milk shop by name Al Safa dary milk the salesperson are not wearing mask or hand gloves while selling the product which is so irresponsible during lockdown, by this Covid can spread plz look into this @TelanganaCMO pic.twitter.com/vCBjra49eX ‚Äì at Qutub Shahi Tombs",[]
73,1254690945087401985,1254690945087401985,1587976606000,2020-04-27 14:06:46,Are you also the one like me who just searched for 50% Discount Coupon availability on #Swiggy or #Zomato before placing an order during #Covid_19 #lockdown ?,"['#swiggy', '#zomato', '#covid_19', '#lockdown']"
74,1254636460935802880,1254630851427500032,1587963616000,2020-04-27 10:30:16,#COVID is not about binary(s) like ‚Äî- life or livelihood . B. Lockdown or smart lockdown . C. Centre or States . These are false binary(s) .‚Äù @HaseebDrabu,['#covid']
75,1254624865933422592,1254624865933422592,1587960852000,2020-04-27 09:44:12,@goibibo @IndiGo6E as per @DGCAIndia all cancelled flight due to Covid 19 lockdown in all over India all cancelled tickets full refund in direct bank or credit card accounts not issue any types of voucher so I request to you please refund my full amount in my account. PNR-UJU6TZ,[]
76,1254623855454322689,1254379007144935424,1587960611000,2020-04-27 09:40:11,Cm sahab apsay ek request k unlimited tweet kar Chuka ho apke state Ki pharma company zeelaboratries Karnal ne covid m mujko terminate Kia or pending dues nhi De Rahi h per app Koi action nhi le raho is lockdown m such m poor k sath Koi nhi hota hai Sab Paise walo Ki sunte hai,[]
77,1254605277749526528,1254605277749526528,1587956182000,2020-04-27 08:26:22,"According to scientists, d trajectory of #Covid_19 cases in India may have plateaued & could even fall for some weeks. However, d country is likely to see a 2nd wave in late July or August, with a surge in the number of cases during the monsoon. #lockdown
 https://wap.business-standard.com/podcast/current-affairs/what-is-the-second-wave-of-covid-19-and-why-should-we-be-worried-120042500677_1.html¬†‚Ä¶","['#covid_19', '#lockdown']"
78,1254469577427365901,1254469577427365901,1587923828000,2020-04-26 23:27:08,"Shame on them..

Ehsas Program misuse or ?

#ehsasprogram #Covid_19 #StayHome #lockdown #StayHomeSaveLives #Pakistan #EhsaasEmergencyCash pic.twitter.com/pPFxspDwS4 ‚Äì at Karachi | ⁄©ÿ±ÿß⁄Ü€å , Pakistan","['#ehsasprogram', '#covid_19', '#stayhome', '#lockdown', '#stayhomesavelives', '#pakistan', '#ehsaasemergencycash']"
79,1254449895760510976,1254449895760510976,1587919136000,2020-04-26 22:08:56,"Only a dumb fellow like u thinks that lockdown is a cure to covid! There is NO VACCINE or ANTIDOTE yet to this virus ANYWHERE IN THE WORLD; lockdown is to contain it's spread!
@sway_hi @savitha_rao @desimojito @kush07 @DurgaMenon @ssingapuri @julushah https://twitter.com/JhaSanjay/status/1254391214402609152¬†‚Ä¶",[]
80,1254399737412886529,1254318770689986560,1587907177000,2020-04-26 18:49:37,Kisne mana kiya tha apko tyohar naa manane k liye?? Samjhdar logo ne ise parhez isliye kiya kyuki they better know about Covid 19... Or kuch log ese bhi the jinhone jamkar manaya...Isme tustikaran kaha Se aa gayi...Or ye ramzan kisi bhi tarah se Lockdown nahi todta,[]
81,1254394537994145794,1254394537994145794,1587905938000,2020-04-26 18:28:58,"As long as 'you are safe' or 'you are not infected',  you think our government is the best to handle COVID-19 and other people are 'overreacting'. I have no idea how this lockdown is going to end..maybe with thousands of people dead and so do the government!! #governmentfails",['#governmentfails']
82,1254378959216803842,1254378959216803842,1587902223000,2020-04-26 17:27:03,"May is do-or-die month for #Covid_19 in Pakistan. We can‚Äôt afford complete lockdown but can we let prayers rule being grossly violated in majority of mosques (around 75pc)? a point to ponder. When will covid-19 end? Here is approx timeline by country 

 https://ddi.sutd.edu.sg/¬†",['#covid_19']
83,1254309615543570432,1254309615543570432,1587885690000,2020-04-26 12:51:30,"@swiggy_in @mybmc 
I ordered forzen green peas  on Swiggy and they provided it with  http://this.It¬†'s unexpected from swiggy since It's lockdown due to Covid 19 its hard day's and swiggy is not ready to exchange it or refund me for same pls look it to this.  pic.twitter.com/XHstCb9R0S",[]
84,1254266515710410752,1254266515710410752,1587875415000,2020-04-26 10:00:15,"#Belgium starting from #FabricShops and #Pakistan still have no sign of allowing fabric or cloths businesses to open.
#Covid_19
#CoronaVirusPakistan
BBC News - Coronavirus: Belgium unveils plans to lift lockdown
 https://www.bbc.co.uk/news/world-europe-52421723¬†‚Ä¶","['#belgium', '#fabricshops', '#pakistan', '#covid_19', '#coronaviruspakistan']"
85,1254259491509465089,1254259491509465089,1587873740000,2020-04-26 09:32:20,"#Lockdown or No #Lockdown
#Covid_19 spread seems inevitable, its speed can be regulated though.","['#lockdown', '#lockdown', '#covid_19']"
86,1254079843500724224,1254079843500724224,1587830909000,2020-04-25 21:38:29,@OfficeofUT The growing numbers of COVID-19 in Mumbai becoming alarming. We know you r doing your best to fight pandemic. But we need do much more than our best. Mumbaikars must follow or make to follow Lockdown very heartily. We r fighting the deadly pandemic. So far LD works.,[]
87,1254076846355841025,1254076846355841025,1587830194000,2020-04-25 21:26:34,"@UnionBankTweets what is this sir how to travel 100-150 km in lockdown condition. Are you aware abt covid-19 or not .this shows you are not follow the rules nd law order of govt of India.
Shame on you  pic.twitter.com/QTEYp9f0bu",[]
88,1254032157649100800,1254032157649100800,1587819539000,2020-04-25 18:28:59,"Lockdown ho ya na ho.....
Humein to sehri bhe banani hai or iftari bhe..... üôÑ
#Covid_19 #ramadankareem #StayHome #RamzanMubarak #Memes #memesdaily #Pakistani #PakistanFightsCorona #CoronaVirusPakistan","['#covid_19', '#ramadankareem', '#stayhome', '#ramzanmubarak', '#memes', '#memesdaily', '#pakistani', '#pakistanfightscorona', '#coronaviruspakistan']"
89,1254030627218882560,1254030627218882560,1587819174000,2020-04-25 18:22:54,Due to COVID-19 Lockdown it's become difficult to run the website due to paucity of fund we request our well wishers to donate us through the Donate option of our website or you can donate online through our DBS UPI virtual payment  pic.twitter.com/j5zdHKKoh9,[]
90,1254021353356824576,1254021353356824576,1587816963000,2020-04-25 17:46:03,"Flying or Floating? Guess the action!

COVID-19, National Lockdown: Day-32

bbcearth #asia_photography2018 #bbcwildlifepotd #EarthCapture #EarthinFocus #clawsnwings #claws_n_wings #ThroughYourLens‚Ä¶  https://www.instagram.com/p/B_Z0v2ygtk4/?igshid=1q7vsenx2x6kd¬†‚Ä¶","['#asia_photography2018', '#bbcwildlifepotd', '#earthcapture', '#earthinfocus', '#clawsnwings', '#claws_n_wings', '#throughyourlens']"
91,1254013462914543617,1254009763358113792,1587815082000,2020-04-25 17:14:42,"What do you mean to say with this??? Lockdown was never done to increase the Jobs or decrease the Jobs. 
It is only to control the COVID-19 outbreak. 
Do not get engaged into these cheap & nonsense politics.",[]
92,1254008145896067073,1254008145896067073,1587813814000,2020-04-25 16:53:34,@CPMumbaiPolice @PMOIndia @Dev_Fadnavis @TajinderTiwana @iGopalShetty  Mumbai has highest Covid cases compared 2 states.Does this sound right or does Corona Strength weakens during 3.30am to12 pm. Why this Weekness to apply strict Lockdown. God Save Us All.  https://twitter.com/rajendherpshett/status/1253658808691245056¬†‚Ä¶,[]
93,1254004095947587584,1254004095947587584,1587812849000,2020-04-25 16:37:29,"So now #USA is the only country with large scale protest to bring down the lockdown. Are you sure this is the America that people around the world fancy? Stupid people? Or lack of a leader?
#CovidUpdates #COVID #","['#usa', '#covidupdates', '#covid']"
94,1253998426670456837,1253998426670456837,1587811497000,2020-04-25 16:14:57,"This call is (open to non academics as well) is looking for Blog Entries (and E-Book): and stories from immigrant, diasporic, borderland communities during the lockdown, quarantine, or shelter-in-place issued in your area due to the COVID-19 pandemic. Please consider submitting.  https://twitter.com/MediaRiseNow/status/1250455336332525571¬†‚Ä¶",[]
95,1253992880990851073,1253992880990851073,1587810175000,2020-04-25 15:52:55,"Should Government Immediately Remove The Lockdown of 0 - zero cases states or UT ??
@ZeeNews #Covid_19 pic.twitter.com/nrvt0nS2U3",['#covid_19']
96,1253982681144033282,1253982681144033282,1587807743000,2020-04-25 15:12:23,"To Invite ""Trump"" Modi Invited ""Virus"". 
While Exit Kamalnath, Covid Entered 2nd stage resulted in Panic Lock Down.
Qty. of Cases not referring to Qty of tests is like getting 9 marks.  
But we can ascertain when you know out of 10 or 100? 
This is what Modi and Modia Doing.  https://twitter.com/AudaciousQuest/status/1253968057980026880¬†‚Ä¶",[]
97,1253972114194890753,1253972114194890753,1587805224000,2020-04-25 14:30:24,"Sir MHA, Can we have specific guidelines next time onwards which include list of impacted zones or districts as it's confusion all around the country. Thx
#lockdownextension
#LockdownExtended
#Covid_19
#lockdown
#lockdowneffect
#DelhiFightsCorona","['#lockdownextension', '#lockdownextended', '#covid_19', '#lockdown', '#lockdowneffect', '#delhifightscorona']"
98,1253971931050606592,1253971931050606592,1587805180000,2020-04-25 14:29:40,"@ArvindKejriwal @SatyendarJain sir I heard a news related to covid-19 patient in Rani Bagh or sainik vihar area. If true, request you to completely lockdown this area immediately. Please help",[]
99,1253938362479591424,1253760961753858048,1587797177000,2020-04-25 12:16:17,"Army reinforcements. That's where we can win or else doomed. 

Ramadan is not escape window from lockdown. They're turning this Covid crisis into Suicidal Massacre. 

PieceFools.",[]
100,1253822836684345344,1253822836684345344,1587769633000,2020-04-25 04:37:13,"Kya #ÿ±ŸÖÿ∂ÿßŸÜ_ŸÖÿ®ÿßÿ±ŸÉ , Kyaa eid?! #Covid_19 has changed Everything we believed in and/or felt. This lockdown Bullshit has to end otherwise I see large scale riotings and un precedented violence. Humans spiralling into #extinction Is Christ coming to save us?! Please do so üò¢","['#ÿ±ŸÖÿ∂ÿßŸÜ_ŸÖÿ®ÿßÿ±ŸÉ', '#covid_19', '#extinction']"
101,1253766700052422658,1253766700052422658,1587756249000,2020-04-25 00:54:09,"Relaxation in Lockdown. Residential, Neighborhood and standalone shops outside containment zones and hotspots are now exempted but shopping complex/malls to remain closed. State governments now open to allow (or not) these relaxation. #lockdownextension #Covid_19 https://twitter.com/PIBHomeAffairs/status/1253752810882994176¬†‚Ä¶","['#lockdownextension', '#covid_19']"
102,1253756616576585735,1253756616576585735,1587753845000,2020-04-25 00:14:05,"I think this covid-19 lockdown period is gonna get the best or the worst out of people on what they would be doing!

Utilising the time or wasting the time!

What are you doing ?

#stayhome #StaySafe #fitnessmotivation #fitness #plejfitness #ptaglobalindia #bangalore #fitindia pic.twitter.com/6WZGsMpEzb ‚Äì at Bhartiya City","['#stayhome', '#staysafe', '#fitnessmotivation', '#fitness', '#plejfitness', '#ptaglobalindia', '#bangalore', '#fitindia']"
103,1253743474647732225,1253743474647732225,1587750712000,2020-04-24 23:21:52,"Sir, @himantabiswa is the scheme for home delivery of medicine (Free Below Rs. 200.00) is temporary as a preventative measure for lockdown and COVID outbreak or a permanent scheme. And is it for irrespective of BPL and APL. Just asking out of curiosity.",[]
104,1253734132959436800,1253734132959436800,1587748485000,2020-04-24 22:44:45,These days many people are mis using the passes for intercity travels for relatives or their dearone. So whats the profit of lockdown they do not understand the seriousness of covid-19 @MoHFW_INDIA @narendramodi @chitraaum @RubikaLiyaquat @awasthis @republic @ArvindKejriwal,[]
105,1253703015351169026,1253703015351169026,1587741066000,2020-04-24 20:41:06,"With no job or money to survive through lockdown amid Covid-19 outbreak, a group of fifteen migrant workers start their journey of 800km, on foot from Chennai to Vishakhapatnam, to their native place, on Friday
#victimsoflockdwn #covid19 #pandemic
@xpresstn @NewIndianXpress pic.twitter.com/TZwi1TzAu8","['#victimsoflockdwn', '#covid19', '#pandemic']"
106,1253699470811856897,1253699470811856897,1587740221000,2020-04-24 20:27:01,"Imagine the plight of a father wanting to kill himself or sell off his son to feed his family. As we miss our families in #COVID lockdown, in #AntiMinorityPakistan, families are being forced to separate or die because of state‚Äôs discrimination against Minorities!","['#covid', '#antiminoritypakistan']"
107,1253677240220397569,1253677240220397569,1587734920000,2020-04-24 18:58:40,"@ArvindKejriwal  sir please help me... everything perishable is getting stale, in dire need to get self a new one or get this fixed. #ArvindKejriwal #HELP #Delhi #Covid_19 #lockdown","['#arvindkejriwal', '#help', '#delhi', '#covid_19', '#lockdown']"
108,1253657963530780672,1253657963530780672,1587730325000,2020-04-24 17:42:05,Tens of 1000s of people visit vegetable/fruit/animal mandis daily. No restriction imposed or safety measure is taken to stop these places from becoming new hubs of spreading #Covid_19. #lockdown @UsmanAKBuzdar these places can prove as explosive as any other crowded place.,"['#covid_19', '#lockdown']"
109,1253630842313641984,1253630842313641984,1587723858000,2020-04-24 15:54:18,"Lockdown k 31din hone kbaad or Corona case me no1bne Maharashtra ki sarkar ka ab thoda asr dikhne lga Mumbai me b,bt suruat me dhilai se bdgye covid-19 k record mamle Pune chinchwada v Mumbai, me,pravasiyo ko greh rajya jald vapas bhejne se bdne ka khatra or arthik bojh km hoga.",[]
110,1253606194222116865,1253606194222116865,1587717982000,2020-04-24 14:16:22,Due to COVID-19 Lockdown it's become difficult to run the website due to paucity of fund we request our well wishers to donate us through the Donate option of our website or you can donate online through UPI virtual payment  pic.twitter.com/IOD8uGog41,[]
111,1253569064594632705,1253569064594632705,1587709129000,2020-04-24 11:48:49,"DM Kathua orders for the partial relaxation in the essential Services amid COVID-19 lockdown.

#KATHUA: District Magistrate Kathua Om Prakash Bhagat ordered for partial or conditional relaxation in the various services/commodities in the district Kathua.

@districtadmkat1
#kathua pic.twitter.com/4UD6UztxIX","['#kathua', '#kathua']"
112,1253559320039485440,1253559320039485440,1587706806000,2020-04-24 11:10:06,"If we are all so unwilling to experience another extension of lockdown, we better be ready to follow the new rules of the ""new normal"" regularly! Wonder how many days it will take us to forget or overlook üôÑ #coronavirusinindia #Covid_19india #Day28ofLockdown #CoronaLockdown","['#coronavirusinindia', '#covid_19india', '#day28oflockdown', '#coronalockdown']"
113,1253550525477339136,1253550525477339136,1587704709000,2020-04-24 10:35:09,"The growth of #COVID2019india cases has been more or less linear and not exponential.During  #lockdown we successfully cut transmission, minimised speed and increased the doubling days of #COVID-19. @khabirjk @thakurss1 @diprjk @NarinderRaina4 @ChTazeemGujjar3 @dcrajouri","['#covid2019india', '#lockdown', '#covid']"
114,1253545008063447040,1253545008063447040,1587703394000,2020-04-24 10:13:14,"Either you run the day or the day runs you ~ Jim Rohn. Let us spend our #lockdown time constructively in a way that we are better versions of ourselves once it is called off (with some space for chilling and relaxing of course).

#coronavirus #COVID #StayHome #lockdownextension pic.twitter.com/k7UAl2eMm4","['#lockdown', '#coronavirus', '#covid', '#stayhome', '#lockdownextension']"
115,1253524643824259072,1253524643824259072,1587698539000,2020-04-24 08:52:19,"COVID-19 : An update from China. Not a good news.Difficult to decide which one is preferable. Herd immunity with minimum restrictions on movement, a strategy followed by Sweden or lockdown followed by major part of Europe,China,India & other countries.
 https://edel.onelink.me/3126852515/ce8f625¬†‚Ä¶ pic.twitter.com/SX8uZMjMD6",[]
116,1253519627956531202,1253191660298797058,1587697343000,2020-04-24 08:32:23,"This lockdown was a precursor to my old age. Rt hand immobile due to rotator cuff complete tear, surgery postponed due to covid, deep injury to thumb, unable to move or eat for two days. Alone in a flat far away from nearest friends. here was a Trailer of old age if it comes!",[]
117,1253427517660073987,1253427517660073987,1587675382000,2020-04-24 02:26:22,"Assalamu alaikum And Hello everyone 
We started this small initiative in this hard times of Covid -19 lockdown
Alhamdullilah we distributed Ration kits to 400+ Families ,totally by Fund Raising 
We don't have any Big sponsor or Big name .
Kindly take your part in donating.
ThankU  pic.twitter.com/q00tcMqOEb",[]
118,1253355189630668801,1253355189630668801,1587658138000,2020-04-23 21:38:58,"The guidelines should be clear and simple so there is no need to clarify or getting them misinterpreted .. 

#Covid_19 #Lockdown #India @HMOIndia https://twitter.com/CNBCTV18Live/status/1253352555641438215¬†‚Ä¶","['#covid_19', '#lockdown', '#india']"
119,1253344212675895304,1253342199225307136,1587655520000,2020-04-23 20:55:20,100% lock down is compalsary in Maharashtra or Mumbai expect milk time of milk distribution 6 to 9 morning And take state under military outherwise not controlled on COVID 19 positive cases,[]
120,1253340733605470208,1253332167985258499,1587654691000,2020-04-23 20:41:31,"Dear Sir 

We came in Ahemdabad  with family (5 Pax) for an engagement programme on 21 March 2020 now we hold here due to Covid-19 lockdown.
Please arrange to permit on mail or written permission for the return back to JAIPUR through road by own vehicle.
Requested to all already",[]
121,1253329135717322752,1253329135717322752,1587651926000,2020-04-23 19:55:26,"Fire and other accidents can happen in lockdown also.

Don't compromise with fire insurance of you property, office, shop , factory or godown in this lockdown too.
#Fire #Theft #Buglary #riots #Terrorism #factory #Insurance #Protection #Money #Covid_19 #tirthankarinvestmenta pic.twitter.com/mWEifj4aiV","['#fire', '#theft', '#buglary', '#riots', '#terrorism', '#factory', '#insurance', '#protection', '#money', '#covid_19', '#tirthankarinvestmenta']"
122,1253321981027446785,1253275370448617472,1587650220000,2020-04-23 19:27:00,"How Covid 19 Pandemic is likely to influence Global TB control program.

Will lockdown slow the TB spread.
or
Covid 19 Pandemic will steal the show and adversely affect TB control.",[]
123,1253317667764592641,1253317667764592641,1587649192000,2020-04-23 19:09:52,"Central govt Reject the Punjab govt demand to open liquor shop in state or home delivery during lockdown
#Fight against COVID-19
#Punjab","['#fight', '#punjab']"
124,1253306002046423040,1253306002046423040,1587646410000,2020-04-23 18:23:30,"@DC_Gurugram @sudhirsinglabjp @gurgaonpolice please take cognizance, Large Number of people are out in market area of Rajinder Park, Rattan Vihar Gurgaon without any masks, or anyother precautions during Lockdown. Probability of spread of COVID is very high in the area.",[]
125,1253233497549893633,1253233497549893633,1587629124000,2020-04-23 13:35:24,"We need to ask: Who belongs to India‚Äôs cities? Is it only those who frequent cafes and malls? Or do cities also belong to those who serve at cafes and sweep and paint the malls?¬†

#MigrantLabourers #MigrantsOnTheRoad
#Lockdown #Covid_19india https://timesofindia.indiatimes.com/blogs/bloody-mary/tale-of-two-indias-corona-reality-check-treat-the-poor-as-equal-citizens-not-a-faceless-horde/¬†‚Ä¶","['#migrantlabourers', '#migrantsontheroad', '#lockdown', '#covid_19india']"
126,1253230313775325191,1253230313775325191,1587628365000,2020-04-23 13:22:45,"Dear @CMofKarnataka,hope you seeing the effect of relaxing the Lockdown since yday midnight.With one Bihari daily wage worker testing positive,we are seeing sudden spurge of 9 COVID positive cases in Bangalore since today morning.Where & what was the need, urgency to relax or",[]
127,1253206130014056448,1253206130014056448,1587622599000,2020-04-23 11:46:39,"Garuda Aerospace Drones CK-100 are effectively utilized for Aerial Spraying & Area Surveillance for LockDown across India.Why Mumbai or Delhi NCR or Kolkutta or Gurgaon or Noida Authority,not using? Is it Strategy for ensuring COVID Wave 2 ?@drharshvardhan @Agnifoundations pic.twitter.com/gWKg5EW0aj",[]
128,1253159425021485056,1253159425021485056,1587611464000,2020-04-23 08:41:04,"At this time #lockdown

Either you are Adapting or you are INNOVATING...
#Covid_19 #innovation #StayHomeStaySafe
#handwashchallenge #healthy
@anandmahindra pic.twitter.com/kaLqv8cOLt","['#lockdown', '#covid_19', '#innovation', '#stayhomestaysafe', '#handwashchallenge', '#healthy']"
129,1253138787716087810,1253138787716087810,1587606543000,2020-04-23 07:19:03,"I MEAN 15 TO 20 DAYS CYCLE OF OPENING BUSINESS FOR & LOCK DOWN ALTERNATIVELY WOULD KEEP COUNTRY MOVING.

COVID-19 CAN ONLY BE RESTRAINED & NOT ELEMINATED TILL A PROVEN VACCINE IS NOT DEVELOPED.

IT MAY TAKE A YEAR   OR MORE FOR THIS.
 
THEN SYSTMATIC CONTROL GROWS IN 20 MONTHS  https://twitter.com/abdulSa919a6698/status/1253136561866063872¬†‚Ä¶",[]
130,1252973154663686151,1252973154663686151,1587567053000,2020-04-22 20:20:53,"DM Poonch orders for the partial relaxation in the essential Services amid COVID-19 lockdown.

#POONCH: District Magistrate Poonch Rahul Yadav (IAS) ordered for  partial or  conditional relaxation in the various services/commodities in the district Poonch.

@dcpoonch pic.twitter.com/Ej8kAbipez",['#poonch']
131,1252958351807229959,1252958351807229959,1587563524000,2020-04-22 19:22:04,"Brain  lock down
CoVID 19  is loosing it's  Identity china virus unable to decide  to do Aarti or  go for Namaz.",[]
132,1252955245556056064,1252955245556056064,1587562783000,2020-04-22 19:09:43,"DM Kishtwar orders for the partial relaxation in the essential Services amid COVID-19 lockdown.

#KISHTWAR: District Magistrate Kishtwar Rajinder Singh Tara¬†ordered for partial or¬† conditional relaxation in the various services/commodities in the district kishtwar.

@SSPKishtwar pic.twitter.com/tndKlS0giD",['#kishtwar']
133,1252938025727782912,1252938025727782912,1587558678000,2020-04-22 18:01:18,Coronavirus Comparison #saarc . I wonder if #India is faltering or if #Pakistan is doing better despite no full lockdown? @narendramodi @ImranKhanPTI @nailainayat @ShivAroor @RahulGandhi @ZeeNews @WIONews #COVIDUPDATES #CoronaInPakistan #COVID19Pakistan #Covid_19india #COVID„Éº19 pic.twitter.com/mU6b4SVFOu,"['#saarc', '#india', '#pakistan', '#covidupdates', '#coronainpakistan', '#covid19pakistan', '#covid_19india', '#covid„Éº19']"
134,1252820162677334020,1252820162677334020,1587530577000,2020-04-22 10:12:57,"@CMOMaharashtra Mananiye mukhya mantri Uday Balasaheb Thakre aapko hamari or hamare samaj ke taraf se Namaskar
Hamara samaj Chitodiya he or ham (Virar sahar ke Chandansaar me rehte he) hamar samaj roz kamane khane wala he abh jab ki covid-19 ki wajah se hamare Bharat me lockdown",[]
135,1252818397412245506,1252800937581703169,1587530156000,2020-04-22 10:05:56,Do you have capabilities to start door to door screening for COVID-19 or will you just  go on increasing lockdown period...,[]
136,1252788927242678273,1252788927242678273,1587523130000,2020-04-22 08:08:50,"@CovidIndiaSeva Why can't there be a repository/stats which shows passive deaths due to COVID 19,  all those migrants who died walking to their home, or due to denied/delayed treatment of other medical conditions due to lockdown? This will show the Social strains of COVID19",[]
137,1252736449285414913,1252736449285414913,1587510618000,2020-04-22 04:40:18,"The rate of rise of COVID-19 is doubling every 10 days in India, even under lockdown. Imagine the situation when the lockdown will be eased after 3rd May. 
The poor in India is destined to die. Either of poverty or by COVID-19.  pic.twitter.com/G00sDLmNqq",[]
138,1252577263406608389,1252509192054808576,1587472666000,2020-04-21 18:07:46,"Lawbreakers have to be heavy handedly punished, whether poor or disabled. Mindlessness of some have caused the entire nation in lockdown. Appreciate police work while they risk their lives to Covid-19. Do not make anti establishment rants. It's is to do frm the comfort of ur home",[]
139,1252556567368482816,1252556567368482816,1587467731000,2020-04-21 16:45:31,Volunteers from different locations of the city are regularly feeding the animals in lockdown taking appropriate precautions. Weather or will is not an obstacle for them. #CoronaWarriorsIndia #Covid_19 @narendramodi @Manekagandhibjp @gauri_maulekhi @_MohitChauhan #Dehradun pic.twitter.com/tQW7FcM5Hm,"['#coronawarriorsindia', '#covid_19', '#dehradun']"
140,1252514546352181248,1252514546352181248,1587457713000,2020-04-21 13:58:33,"As it is being seen, COVID 19 virus is changing it's nature, many cases r coming with no symptoms, under such situation it's very difficult to understand what should be done, Alone lock down will be effective enough or other measurers to be taken.. @NitishKumar @MoHFW_INDIA",[]
141,1252378725712162821,1252378725712162821,1587425330000,2020-04-21 04:58:50,"""People are dying either of Covid-19 or of hunger and starvation¬†due to the nationwide lockdown. We need to ask¬†tough¬†questions,¬†at the risk of being called ‚Äòanti-national‚Äô.""
  https://theprint.in/opinion/pm-modi-my-five-questions-as-india-fights-coronavirus/404917/?amp&__twitter_impression=true¬†‚Ä¶",[]
142,1252309700768681984,1252309700768681984,1587408874000,2020-04-21 00:24:34,"Is Bar Bachyn June July ki Chutiyan ma Nani Kay Ghar to nhi Gaye lakin Ghar ma reh kr Maa Or Baap Jo zaror nani Yaad dila dayn gy üòÇü§£üòÖ
#COVID„Éº19 #lockdown #coronavirusinindia #coronavirusinpakistan #Covid_19 #CoronaVirusUpdate #COVID19 #coronavirus","['#covid„Éº19', '#lockdown', '#coronavirusinindia', '#coronavirusinpakistan', '#covid_19', '#coronavirusupdate', '#covid19', '#coronavirus']"
143,1252259625933643776,1252259625933643776,1587396935000,2020-04-20 21:05:35,"Nation bloke to what CM of WB scared of if there no lockdown violation in certain part of state or hanky Panky?  Fedrall structure does not mean Fudged covid case reporting , violation of lockdown for particular community and shme in PDS distribution   https://www.republicworld.com/india-news/politics/mamata-banerjee-writes-to-pm-flagging-protocol-breach-imct¬†‚Ä¶",[]
144,1252250158596632577,1252250158596632577,1587394678000,2020-04-20 20:27:58,"Looks you are so happy with maha govt response to covid crisis . Or maybe you luv lockdown , need not work for a living .   This way mumbai will have lockdowns for next 4-5 months  https://twitter.com/AnaghaAcharya/status/1252104005922230272¬†‚Ä¶",[]
145,1252245275738927105,1252245275738927105,1587393513000,2020-04-20 20:08:33,"@narendramodi @PMOIndia @smritiirani Even during CoVid when orders are being cancelled and no work during lockdown, the Craftsperson/Artisan has not asked for any help. Would appreciate if Govt reaches out to them rather than supporting councils or NGOs
 https://craftvillageblog.wordpress.com/2020/04/20/re-building-the-craft-sector-post-pandemic/¬†‚Ä¶",[]
146,1252167990172192768,1252167990172192768,1587375087000,2020-04-20 15:01:27,@MetropolisLab is the helpline meant to help or create confusion? 2 hrs & 5 executive assures of kalamboli center accepting samples for COVID until 3 pm. Heavily pregnant lady travels from Nerul during lockdown only to reach the centre to be informed that testing is only till 2.,[]
147,1251942056177684480,1251941239412232192,1587321220000,2020-04-20 00:03:40,Your Govt a secular or better govt then the BJP you should make Landmark punishment in the #moblynching in #Palgarh that it will not get tolerate at any cost #moblynching #Hindus #Maharashtra #palgharlynching #coronavirus #COVID #lockdown #COVID„Éº19 #Shame,"['#moblynching', '#palgarh', '#moblynching', '#hindus', '#maharashtra', '#palgharlynching', '#coronavirus', '#covid', '#lockdown', '#covid„Éº19', '#shame']"
148,1251935246573989888,1251935246573989888,1587319597000,2020-04-19 23:36:37,"COVID-19 does not see race, religion, colour, caste, creed, language or borders before striking. 

Our response and conduct thereafter should attach primacy to unity and brotherhood. 
#IndiaFightsCorona
#coronavirus
#StayHomeStaySafe
#lockdown
We are in this together:","['#indiafightscorona', '#coronavirus', '#stayhomestaysafe', '#lockdown']"
149,1251916376345849856,1251910043555028994,1587315098000,2020-04-19 22:21:38,"I think he is trying to show the reality , exposing rather showing his duty against Covid or lockdown",[]
150,1251898654820098055,1251898654820098055,1587310873000,2020-04-19 21:11:13,"Hate me or block me upto your caliber.... üòâ
#Memes #Trending #TikTok #coronavirusinpakistan #memes2020 #memesdaily #Pakistan #Pakistanis #Pakistani #Covid_19 #lockdown","['#memes', '#trending', '#tiktok', '#coronavirusinpakistan', '#memes2020', '#memesdaily', '#pakistan', '#pakistanis', '#pakistani', '#covid_19', '#lockdown']"
151,1251779063636807681,1251779063636807681,1587282360000,2020-04-19 13:16:00,"Educated...

Non educated....

Or phir atay hain wo log jo barat mein banquet/hall me dhol bajwa k bhangray dalte hain....

#lockdownpakistan
#lockdown #Memes #Tweetoftheday #Covid_19 #actress #actorslife #tweeter #coronavirusinpakistan #Pakistan #Pakistani","['#lockdownpakistan', '#lockdown', '#memes', '#tweetoftheday', '#covid_19', '#actress', '#actorslife', '#tweeter', '#coronavirusinpakistan', '#pakistan', '#pakistani']"
152,1251777711674142720,1251777711674142720,1587282038000,2020-04-19 13:10:38,"@HemantSorenJMM Ek trf #Lockdown #social_Distinction or Dusri Trf khud hi Is Traha Ka kaam krwaya ja rha Kya Nigam Parsad Rasan ke lye Diller ke saath Mil KR Volainter Bna kr Home Delivery krwa skte hai 
Covid_19  pic.twitter.com/rjsDxFFzS6","['#lockdown', '#social_distinction']"
153,1251763210748715009,1251482048352542721,1587278580000,2020-04-19 12:13:00,Our police sisters are very active in Odisha. There are lot of examples which I have seen but can't post those because I never took in photo or pic but I have noticed. They do duty and follow humanism actions too. Best and ctc I have seen before this covid lockdown too.,[]
154,1251747912222150658,1251493027035533312,1587274933000,2020-04-19 11:12:13,Inspite of ur all efforts and lockdown why number is going on increases it shows that there is some lacking in our actions or in strategy in fighting with covid...i want to share regarding this pls im waiting sir for ur rply too,[]
155,1251741716568104962,1251741716568104962,1587273456000,2020-04-19 10:47:36,"Due To Covid-19 Lockdown I Was not able to Visit Bank Branch so that i can deposit money and Make Payment So @Flipkart Has Impose 200rs Due charges Is this Helpfull for Customers Or Else your making Customer Unhappy...!!
@BIGKING89 @VinayTi8 pic.twitter.com/HeNzfqV1rE",[]
156,1251712671214383105,1251711222178811904,1587266531000,2020-04-19 08:52:11,"@AUThackeray 
We r lagging 2 steps  behind in every move to control covid ,
Seems like Half hearted efforts , please understand this lockdown till 3 may if done strictly with community education only then will succeed or else it's just hoax /pseudo satisfaction .we r Frontliners.",[]
